﻿ID_CONTROL;Tipo_de_Incidencia;DESCRIPCION;Perimetro;Operaciones_Sivasa_ampliado;IT_Sivasa_Ampliado;Diferencias;Resultado_KO/OK;data_date_part
rc4003_00;INCIDENCIA;Error Codigo de la sociedad tasadora;1867;0;0;0;KO;2021-05-26
rc4003_11;INCIDENCIA;Informacion recibida incompleta: falta numero de bien;1867;542;542;0;KO;2021-05-26
rc4003_12;INCIDENCIA;Informacion recibida incompleta: falta numero de seguimiento.;1867;0;0;0;KO;2021-05-26
rc4003_13;INCIDENCIA;Informacion recibida incompleta: faltan datos de la tasacion - valoracion.;1867;0;0;0;KO;2021-05-26
rc4003_14;AVISO;Informacion recibida incompleta: faltan datos distintos de la tasacion;1867;32;33;1;KO;2021-05-26
rc4003_15;AVISO;Datos sensibles modificados: tipo de bien;1867;332;332;0;KO;2021-05-26
rc4003_16;AVISO;Datos sensibles modificados: tipo de proteccion.;1867;0;0;0;KO;2021-05-26
rc4003_17;AVISO;Datos sensibles modificados: codigo postal;1867;100;100;0;KO;2021-05-26
rc4003_18;AVISO;Datos sensibles modificados: codigo de provincia;1867;2;1;3;KO;2021-05-26
rc4003_19;AVISO;La tasacion tiene condicionantes;1867;157;156;1;KO;2021-05-26
rc4003_20;INCIDENCIA;Datos sensibles modificados: No coinciden la plaza;1867;29;32;3;KO;2021-05-26
rc4003_21;AVISO;Bien inmueble no existente. (No garantiza);1867;0;0;0;KO;2021-05-26
rc4003_22;INCIDENCIA;Bien inmueble dado de baja.;1867;3;3;0;KO;2021-05-26
rc4003_23;INCIDENCIA;Datos registrales modificados: IDUFIR.;1867;6;6;6;KO;2021-05-26
rc4003_24;AVISO;Datos registrales modificados: otros datos, $$nombre_dato (Provincia registro, codigo postal registro,                                                                        numero registro propiedad, finca registral (registro) y seccion;1867;499;180;319;KO;2021-05-26
rc4003_25;AVISO;Datos registrales modificados: otros datos aviso, $$nombre_dato (tomo, libro y folio);1867;74;74;7;KO;2021-05-26
rc4003_30;INCIDENCIA;Bien inmueble ha sufrido una modificacion registral.;1867;0;0;0;KO;2021-05-26
rc4003_31;INCIDENCIA;Posible duplicidad detectada por SIVASA.;1867;0;0;0;KO;2021-05-26
rc4003_32;AVISO;Existen bienes inmuebles duplicados con la misma referencia catastral;1867;72;65;11;KO;2021-05-26
rc4003_33;AVISO;Existen bienes inmuebles duplicados con la misma IDUFIR;1867;16;20;6;KO;2021-05-26
rc4003_34;INCIDENCIA;Existen bienes inmuebles duplicados con la misma identificacion registral.;1867;2;0;2;KO;2021-05-26
rc4003_35;INCIDENCIA;Existen bienes inmuebles duplicados con el mismo numero de seguimiento;1867;0;0;0;KO;2021-05-26
rc4003_40;INCIDENCIA;Tipos recibidos no tabulados.;1867;0;0;0;KO;2021-05-26
rc4003_50;AVISO;No coinciden la informacion del codigo de provincia y registro;1867;59;11;70;KO;2021-05-26
rc4003_60;INCIDENCIA;El numero de seguimiento en Promotores (clase 30) esta duplicado;1867;0;0;0;KO;2021-05-26
rc4003_61;INCIDENCIA;La fecha de tasacion es menor que la ultima fecha de tasacion enviada y numero de seguimiento igual (para RET no se tendra en cuenta el numero de seguimiento;1867;2;2;0;KO;2021-05-26
rc4003_70;INCIDENCIA;La fecha de tasacion es mayor a la fecha del dia del proceso;1867;0;0;0;KO;2021-05-26
rc4003_c001;INCIDENCIA;Codigo de incidencia fuera de rango;1867;0;0;0;KO;2021-05-26
rc4003_c002;INCIDENCIA;Flag erroneo;1867;0;0;0;KO;2021-05-26
